-- MariaDB dump 10.17  Distrib 10.4.14-MariaDB, for Win64 (AMD64)
--
-- Host: localhost    Database: chocofac
-- ------------------------------------------------------
-- Server version	10.4.14-MariaDB

/*!40101 SET @OLD_CHARACTER_SET_CLIENT=@@CHARACTER_SET_CLIENT */;
/*!40101 SET @OLD_CHARACTER_SET_RESULTS=@@CHARACTER_SET_RESULTS */;
/*!40101 SET @OLD_COLLATION_CONNECTION=@@COLLATION_CONNECTION */;
/*!40101 SET NAMES utf8mb4 */;
/*!40103 SET @OLD_TIME_ZONE=@@TIME_ZONE */;
/*!40103 SET TIME_ZONE='+00:00' */;
/*!40014 SET @OLD_UNIQUE_CHECKS=@@UNIQUE_CHECKS, UNIQUE_CHECKS=0 */;
/*!40014 SET @OLD_FOREIGN_KEY_CHECKS=@@FOREIGN_KEY_CHECKS, FOREIGN_KEY_CHECKS=0 */;
/*!40101 SET @OLD_SQL_MODE=@@SQL_MODE, SQL_MODE='NO_AUTO_VALUE_ON_ZERO' */;
/*!40111 SET @OLD_SQL_NOTES=@@SQL_NOTES, SQL_NOTES=0 */;

--
-- Table structure for table `balance`
--

DROP TABLE IF EXISTS `balance`;
/*!40101 SET @saved_cs_client     = @@character_set_client */;
/*!40101 SET character_set_client = utf8 */;
CREATE TABLE `balance` (
  `Balance` int(11) NOT NULL
) ENGINE=InnoDB DEFAULT CHARSET=utf8mb4;
/*!40101 SET character_set_client = @saved_cs_client */;

--
-- Dumping data for table `balance`
--

LOCK TABLES `balance` WRITE;
/*!40000 ALTER TABLE `balance` DISABLE KEYS */;
INSERT INTO `balance` VALUES (522159);
/*!40000 ALTER TABLE `balance` ENABLE KEYS */;
UNLOCK TABLES;

--
-- Table structure for table `chocorequest`
--

DROP TABLE IF EXISTS `chocorequest`;
/*!40101 SET @saved_cs_client     = @@character_set_client */;
/*!40101 SET character_set_client = utf8 */;
CREATE TABLE `chocorequest` (
  `RequestID` int(11) NOT NULL AUTO_INCREMENT,
  `ChocoID` int(128) NOT NULL,
  `Amount` int(11) NOT NULL,
  `Status` varchar(32) NOT NULL DEFAULT 'Pending',
  `RequestDate` datetime NOT NULL,
  PRIMARY KEY (`RequestID`)
) ENGINE=InnoDB AUTO_INCREMENT=301 DEFAULT CHARSET=utf8mb4;
/*!40101 SET character_set_client = @saved_cs_client */;

--
-- Dumping data for table `chocorequest`
--

LOCK TABLES `chocorequest` WRITE;
/*!40000 ALTER TABLE `chocorequest` DISABLE KEYS */;
INSERT INTO `chocorequest` VALUES (1,37,36,'Pending','2020-03-31 02:40:51'),(2,25,37,'Delivered','2020-05-29 23:20:44'),(3,4,17,'Pending','2020-04-10 21:57:44'),(4,76,18,'Pending','2020-09-17 22:38:03'),(5,17,12,'Pending','2020-07-01 23:48:42'),(6,93,3,'Pending','2020-04-02 19:03:36'),(7,92,15,'Pending','2020-09-03 20:26:43'),(8,5,6,'Pending','2020-05-12 01:00:49'),(9,80,8,'Pending','2020-05-23 06:52:39'),(10,72,10,'Pending','2020-08-26 22:19:59'),(11,3,9,'Pending','2020-09-12 21:04:09'),(12,22,24,'Pending','2020-09-01 21:03:44'),(13,100,40,'Delivered','2020-02-21 15:14:21'),(14,78,6,'Pending','2020-08-27 05:16:04'),(15,41,22,'Pending','2020-10-21 15:21:43'),(16,99,9,'Pending','2020-07-03 19:52:46'),(17,61,6,'Pending','2020-03-14 04:34:55'),(18,98,28,'Pending','2020-04-03 13:49:56'),(19,61,10,'Pending','2020-10-18 11:11:11'),(20,65,22,'Pending','2020-05-10 19:24:41'),(21,8,28,'Pending','2020-06-09 23:53:38'),(22,92,5,'Pending','2020-10-15 19:56:04'),(23,98,16,'Pending','2020-05-21 22:41:01'),(24,2,36,'Pending','2020-09-18 08:20:23'),(25,40,38,'Pending','2020-09-24 21:49:00'),(26,9,33,'Pending','2020-03-27 06:47:29'),(27,48,23,'Pending','2020-11-01 15:14:16'),(28,40,16,'Pending','2020-08-31 22:03:29'),(29,25,4,'Pending','2020-05-06 00:24:32'),(30,23,12,'Pending','2020-08-23 02:23:58'),(31,56,26,'Pending','2020-05-18 23:50:52'),(32,10,17,'Pending','2020-04-14 12:38:46'),(33,48,7,'Pending','2020-08-09 01:23:48'),(34,55,40,'Pending','2020-05-21 03:35:43'),(35,98,10,'Pending','2020-04-07 10:59:23'),(36,65,2,'Pending','2020-08-25 04:23:59'),(37,65,12,'Pending','2020-06-14 09:37:02'),(38,67,19,'Pending','2020-05-28 09:04:41'),(39,18,16,'Pending','2020-07-29 10:06:07'),(40,20,26,'Pending','2020-09-17 04:49:21'),(41,22,38,'Pending','2020-04-26 20:22:30'),(42,14,2,'Pending','2020-09-22 09:31:11'),(43,71,4,'Pending','2020-02-26 23:48:07'),(44,63,15,'Pending','2020-08-28 22:40:16'),(45,19,32,'Pending','2020-06-01 15:51:27'),(46,51,30,'Pending','2020-09-26 11:18:55'),(47,63,11,'Pending','2020-09-02 07:13:41'),(48,36,22,'Pending','2020-03-27 11:56:19'),(49,38,10,'Pending','2020-10-04 12:13:46'),(50,27,38,'Pending','2020-10-09 21:36:50'),(51,73,2,'Pending','2020-09-27 20:42:09'),(52,67,31,'Pending','2020-11-08 21:40:31'),(53,48,38,'Pending','2020-08-15 19:48:59'),(54,93,1,'Pending','2020-08-03 01:56:56'),(55,93,35,'Pending','2020-10-21 17:22:38'),(56,59,5,'Pending','2020-08-13 13:35:53'),(57,60,4,'Pending','2020-09-28 19:39:06'),(58,10,30,'Pending','2020-09-14 04:47:13'),(59,50,10,'Pending','2020-10-30 17:32:03'),(60,91,10,'Delivered','2020-02-12 11:27:49'),(61,10,9,'Pending','2020-03-13 08:49:35'),(62,81,10,'Pending','2020-07-29 11:45:14'),(63,62,17,'Pending','2020-05-08 14:00:38'),(64,95,24,'Pending','2020-08-16 12:22:22'),(65,85,8,'Pending','2020-10-24 07:38:21'),(66,2,37,'Pending','2020-09-03 12:13:54'),(67,96,5,'Pending','2020-09-15 20:05:41'),(68,81,13,'Pending','2020-03-29 22:40:33'),(69,56,34,'Pending','2020-10-10 07:13:29'),(70,4,32,'Pending','2020-06-27 04:16:56'),(71,58,39,'Pending','2020-07-08 21:12:35'),(72,57,6,'Pending','2020-05-28 05:11:47'),(73,5,3,'Pending','2020-05-09 08:55:03'),(74,39,7,'Pending','2020-09-04 03:30:57'),(75,94,32,'Pending','2020-09-03 06:41:40'),(76,79,31,'Pending','2020-11-08 21:49:52'),(77,84,18,'Pending','2020-07-14 19:48:20'),(78,1,11,'Pending','2020-10-30 01:38:04'),(79,28,6,'Pending','2020-09-05 00:53:54'),(80,54,34,'Pending','2020-05-31 14:43:55'),(81,70,17,'Pending','2020-11-11 21:36:11'),(82,51,22,'Pending','2020-03-24 04:46:23'),(83,49,29,'Pending','2020-05-23 01:11:54'),(84,54,35,'Pending','2020-08-11 03:03:53'),(85,49,6,'Pending','2020-10-14 22:41:50'),(86,51,10,'Pending','2020-08-30 16:02:10'),(87,15,6,'Pending','2020-07-01 02:47:05'),(88,46,13,'Delivered','2020-02-11 17:21:23'),(89,38,19,'Delivered','2020-03-11 11:04:43'),(90,25,15,'Pending','2020-05-01 21:23:34'),(91,42,13,'Pending','2020-06-08 18:58:57'),(92,80,18,'Pending','2020-04-30 08:32:26'),(93,94,2,'Pending','2020-07-30 00:44:07'),(94,38,32,'Pending','2020-08-12 11:36:05'),(95,63,1,'Delivered','2020-02-16 19:15:24'),(96,32,34,'Pending','2020-04-13 18:32:48'),(97,15,8,'Pending','2020-11-10 15:43:39'),(98,88,12,'Pending','2020-06-29 01:36:26'),(99,13,29,'Pending','2020-07-03 14:51:09'),(100,75,4,'Pending','2020-04-30 17:50:42'),(101,51,29,'Pending','2020-11-05 08:45:21'),(102,8,15,'Pending','2020-03-04 01:41:56'),(103,19,36,'Pending','2020-07-11 17:58:11'),(104,82,10,'Pending','2020-10-20 10:59:39'),(105,24,3,'Pending','2020-04-12 18:35:43'),(106,27,22,'Pending','2020-04-24 01:02:29'),(107,90,30,'Pending','2020-10-14 23:30:24'),(108,37,1,'Pending','2020-05-22 11:04:33'),(109,73,30,'Pending','2020-09-29 07:40:45'),(110,6,5,'Pending','2020-02-28 15:57:50'),(111,38,33,'Pending','2020-07-19 04:08:02'),(112,20,25,'Pending','2020-04-23 11:44:09'),(113,72,7,'Pending','2020-09-26 08:57:14'),(114,95,35,'Delivered','2020-03-06 03:06:09'),(115,2,34,'Pending','2020-10-13 12:45:30'),(116,63,25,'Delivered','2020-03-23 05:31:00'),(117,9,12,'Pending','2020-06-14 09:20:01'),(118,39,29,'Delivered','2020-02-18 20:49:25'),(119,5,32,'Pending','2020-09-04 04:50:06'),(120,14,36,'Pending','2020-10-17 19:01:28'),(121,78,27,'Pending','2020-08-07 04:29:45'),(122,88,22,'Pending','2020-06-27 00:33:50'),(123,76,7,'Pending','2020-11-13 14:44:57'),(124,63,25,'Pending','2020-08-24 09:36:26'),(125,37,19,'Pending','2020-09-18 05:38:39'),(126,41,25,'Pending','2020-08-15 03:01:10'),(127,96,8,'Pending','2020-03-03 05:29:12'),(128,77,30,'Pending','2020-04-15 12:42:22'),(129,46,23,'Pending','2020-08-09 06:12:32'),(130,48,23,'Pending','2020-06-09 17:36:46'),(131,24,21,'Pending','2020-03-03 02:09:24'),(132,38,30,'Pending','2020-09-22 04:49:58'),(133,78,3,'Pending','2020-09-25 01:53:52'),(134,70,9,'Pending','2020-06-27 03:17:17'),(135,5,27,'Pending','2020-11-06 01:18:58'),(136,59,17,'Delivered','2020-04-24 04:05:51'),(137,47,35,'Pending','2020-02-29 08:09:51'),(138,55,3,'Pending','2020-09-06 07:58:01'),(139,71,13,'Delivered','2020-02-08 13:32:09'),(140,53,25,'Pending','2020-03-24 04:10:56'),(141,75,23,'Pending','2020-04-21 01:07:35'),(142,31,31,'Pending','2020-09-04 05:45:26'),(143,17,8,'Pending','2020-06-20 21:58:38'),(144,35,39,'Pending','2020-06-12 22:14:19'),(145,75,3,'Delivered','2020-03-08 13:49:05'),(146,66,10,'Pending','2020-04-17 20:25:13'),(147,40,7,'Pending','2020-06-02 14:59:40'),(148,67,17,'Pending','2020-06-04 08:03:20'),(149,87,20,'Pending','2020-08-14 18:07:19'),(150,86,26,'Pending','2020-09-16 00:06:55'),(151,89,9,'Pending','2020-05-06 20:14:16'),(152,13,11,'Pending','2020-07-05 09:39:22'),(153,59,14,'Pending','2020-10-02 10:34:41'),(154,85,26,'Pending','2020-10-13 18:37:15'),(155,100,13,'Pending','2020-06-15 14:43:33'),(156,30,27,'Pending','2020-10-14 14:40:28'),(157,51,31,'Pending','2020-08-19 02:20:01'),(158,74,37,'Delivered','2020-03-20 23:36:00'),(159,20,13,'Pending','2020-05-20 03:19:26'),(160,87,29,'Pending','2020-03-12 19:53:24'),(161,77,36,'Pending','2020-10-26 20:40:50'),(162,11,20,'Pending','2020-03-18 14:29:01'),(163,56,32,'Pending','2020-05-18 08:46:02'),(164,87,35,'Pending','2020-08-21 19:53:16'),(165,68,4,'Pending','2020-04-06 01:32:24'),(166,60,27,'Pending','2020-07-14 00:11:59'),(167,39,24,'Pending','2020-10-15 00:30:37'),(168,88,13,'Pending','2020-04-07 18:37:53'),(169,56,8,'Pending','2020-05-16 15:23:53'),(170,3,6,'Pending','2020-05-08 13:10:29'),(171,90,18,'Pending','2020-02-29 09:49:57'),(172,26,37,'Pending','2020-04-14 16:12:08'),(173,70,2,'Pending','2020-10-03 05:12:18'),(174,61,28,'Delivered','2020-02-14 15:09:57'),(175,51,35,'Pending','2020-06-11 09:19:42'),(176,52,28,'Delivered','2020-02-15 23:58:34'),(177,37,16,'Pending','2020-04-01 14:04:59'),(178,46,13,'Pending','2020-10-31 15:14:54'),(179,71,19,'Pending','2020-04-14 23:45:45'),(180,80,14,'Pending','2020-03-03 03:38:58'),(181,15,37,'Pending','2020-11-08 20:07:40'),(182,24,32,'Pending','2020-09-20 08:06:17'),(183,32,35,'Pending','2020-03-29 21:52:53'),(184,79,5,'Pending','2020-04-01 03:34:00'),(185,54,9,'Pending','2020-07-01 15:19:01'),(186,97,38,'Pending','2020-04-19 15:12:13'),(187,22,5,'Pending','2020-05-14 11:15:57'),(188,37,16,'Delivered','2020-02-22 08:39:54'),(189,72,12,'Pending','2020-07-15 07:04:31'),(190,7,31,'Pending','2020-06-24 04:43:51'),(191,13,36,'Pending','2020-06-15 02:50:13'),(192,63,22,'Pending','2020-05-30 03:49:46'),(193,47,13,'Delivered','2020-03-23 03:28:28'),(194,2,39,'Pending','2020-05-14 18:30:38'),(195,89,10,'Delivered','2020-03-03 08:11:47'),(196,23,40,'Delivered','2020-02-16 06:17:31'),(197,62,35,'Pending','2020-10-21 00:38:15'),(198,48,6,'Pending','2020-08-25 19:57:55'),(199,4,17,'Pending','2020-04-01 11:09:32'),(200,64,20,'Pending','2020-10-27 14:34:17'),(201,15,5,'Delivered','2020-03-13 19:27:26'),(202,69,19,'Pending','2020-03-12 20:30:15'),(203,39,4,'Pending','2020-10-25 19:50:43'),(204,11,16,'Pending','2020-07-17 07:09:37'),(205,80,10,'Pending','2020-08-10 01:25:07'),(206,85,38,'Pending','2020-08-26 10:29:45'),(207,17,11,'Pending','2020-04-20 07:09:09'),(208,37,26,'Delivered','2020-02-13 02:49:23'),(209,31,24,'Pending','2020-07-27 15:01:34'),(210,23,32,'Pending','2020-09-12 01:54:08'),(211,83,38,'Pending','2020-09-24 22:20:44'),(212,80,32,'Pending','2020-04-26 16:30:36'),(213,77,21,'Delivered','2020-02-21 08:34:45'),(214,87,8,'Delivered','2020-02-22 16:58:13'),(215,16,21,'Pending','2020-04-05 12:21:33'),(216,62,4,'Pending','2020-08-21 00:33:16'),(217,8,26,'Pending','2020-03-11 16:01:08'),(218,96,25,'Pending','2020-05-22 11:03:09'),(219,63,5,'Pending','2020-07-21 17:07:52'),(220,47,35,'Pending','2020-10-03 01:22:20'),(221,60,36,'Pending','2020-10-23 08:11:24'),(222,65,29,'Pending','2020-09-02 04:59:28'),(223,22,2,'Pending','2020-02-29 02:04:17'),(224,8,11,'Pending','2020-05-23 03:13:29'),(225,76,24,'Pending','2020-07-11 15:10:48'),(226,16,11,'Pending','2020-09-24 14:22:45'),(227,46,10,'Pending','2020-03-06 14:03:41'),(228,89,26,'Pending','2020-04-20 04:49:47'),(229,94,2,'Pending','2020-07-05 10:59:26'),(230,47,31,'Pending','2020-10-10 00:50:12'),(231,67,8,'Pending','2020-04-04 08:55:11'),(232,68,15,'Pending','2020-04-13 16:21:55'),(233,81,25,'Pending','2020-06-27 23:20:09'),(234,13,22,'Delivered','2020-02-16 23:17:50'),(235,26,18,'Pending','2020-06-19 10:08:07'),(236,4,21,'Pending','2020-08-27 16:15:41'),(237,54,20,'Pending','2020-03-15 10:25:24'),(238,40,34,'Pending','2020-07-01 01:50:50'),(239,22,22,'Pending','2020-08-24 17:45:08'),(240,23,3,'Delivered','2020-02-15 09:02:03'),(241,5,7,'Pending','2020-03-27 17:03:46'),(242,36,37,'Pending','2020-11-11 02:47:46'),(243,24,10,'Pending','2020-04-09 14:59:55'),(244,22,15,'Pending','2020-04-10 19:42:19'),(245,7,22,'Pending','2020-10-03 03:26:55'),(246,80,39,'Pending','2020-04-25 14:23:33'),(247,93,35,'Pending','2020-08-12 17:39:38'),(248,80,30,'Pending','2020-10-24 11:59:43'),(249,54,23,'Pending','2020-11-13 16:47:20'),(250,3,26,'Pending','2020-04-20 12:43:48'),(251,77,12,'Pending','2020-10-18 17:24:53'),(252,23,6,'Pending','2020-11-01 20:27:06'),(253,17,40,'Pending','2020-11-04 00:01:37'),(254,23,7,'Pending','2020-10-03 11:06:06'),(255,76,4,'Pending','2020-09-01 21:38:30'),(256,41,5,'Pending','2020-08-12 18:20:07'),(257,4,11,'Pending','2020-08-22 07:05:48'),(258,83,15,'Pending','2020-03-18 03:35:14'),(259,57,13,'Pending','2020-07-24 00:12:49'),(260,6,2,'Pending','2020-08-08 13:05:29'),(261,75,30,'Pending','2020-09-18 10:53:40'),(262,26,33,'Pending','2020-08-25 07:39:22'),(263,23,30,'Pending','2020-06-21 04:58:36'),(264,86,16,'Pending','2020-06-25 13:53:32'),(265,84,24,'Pending','2020-07-10 20:58:19'),(266,25,23,'Pending','2020-11-01 08:22:44'),(267,35,19,'Pending','2020-03-26 19:33:55'),(268,41,34,'Pending','2020-06-09 15:06:32'),(269,18,26,'Pending','2020-06-07 10:22:23'),(270,52,32,'Pending','2020-07-11 10:12:51'),(271,12,31,'Delivered','2020-02-20 08:00:03'),(272,59,3,'Pending','2020-03-20 16:45:43'),(273,55,26,'Pending','2020-10-14 18:42:39'),(274,70,14,'Pending','2020-07-26 21:04:07'),(275,29,12,'Delivered','2020-02-08 04:41:41'),(276,38,7,'Pending','2020-06-30 23:32:32'),(277,67,11,'Pending','2020-10-09 04:05:22'),(278,29,31,'Pending','2020-11-09 17:44:22'),(279,16,2,'Pending','2020-03-01 15:08:41'),(280,79,20,'Pending','2020-05-18 10:49:15'),(281,91,17,'Pending','2020-10-25 21:33:37'),(282,33,19,'Pending','2020-07-09 18:07:36'),(283,39,29,'Pending','2020-09-13 20:08:20'),(284,34,39,'Pending','2020-05-11 18:21:08'),(285,48,16,'Pending','2020-06-03 13:57:23'),(286,69,4,'Pending','2020-04-10 03:51:34'),(287,56,16,'Pending','2020-09-19 00:09:41'),(288,23,33,'Pending','2020-09-06 18:58:29'),(289,88,14,'Pending','2020-11-13 11:33:04'),(290,59,39,'Pending','2020-04-07 10:35:54'),(291,41,33,'Pending','2020-09-17 14:36:18'),(292,36,4,'Pending','2020-08-25 13:39:32'),(293,61,37,'Pending','2020-10-11 10:35:28'),(294,25,14,'Pending','2020-06-09 17:55:19'),(295,96,36,'Pending','2020-10-11 01:54:04'),(296,12,20,'Pending','2020-08-18 16:46:58'),(297,58,5,'Pending','2020-09-28 23:49:11'),(298,75,6,'Pending','2020-06-29 22:05:16'),(299,99,9,'Pending','2020-09-02 20:55:46'),(300,70,33,'Pending','2020-10-25 18:42:40');
/*!40000 ALTER TABLE `chocorequest` ENABLE KEYS */;
UNLOCK TABLES;

--
-- Table structure for table `chocostock`
--

DROP TABLE IF EXISTS `chocostock`;
/*!40101 SET @saved_cs_client     = @@character_set_client */;
/*!40101 SET character_set_client = utf8 */;
CREATE TABLE `chocostock` (
  `ChocoID` int(11) NOT NULL,
  `Name` varchar(128) DEFAULT NULL,
  `Amount` int(11) NOT NULL,
  `Price` int(11) DEFAULT NULL,
  PRIMARY KEY (`ChocoID`)
) ENGINE=InnoDB DEFAULT CHARSET=utf8mb4;
/*!40101 SET character_set_client = @saved_cs_client */;

--
-- Dumping data for table `chocostock`
--

LOCK TABLES `chocostock` WRITE;
/*!40000 ALTER TABLE `chocostock` DISABLE KEYS */;
INSERT INTO `chocostock` VALUES (1,'Yvette Gill',248,64915),(2,'Rhoda C. Baker',228,60908),(3,'Rinah Dunlap',36,99796),(4,'Jaquelyn Stout',22,36256),(5,'Ralph U. Finley',100,51893),(6,'Belle Reid',155,50698),(7,'Reed Hurley',25,87810),(8,'Wylie Pickett',220,96957),(9,'Hoyt Clements',236,31356),(10,'Virginia K. Bishop',234,35908),(11,'William K. Kemp',188,75473),(12,'Kieran Day',212,79640),(13,'Jada Odom',172,71780),(14,'Rae Q. Rocha',18,19981),(15,'Ayanna S. Peters',181,54565),(16,'Madison Snyder',200,22880),(17,'Alexandra B. Downs',219,30707),(18,'Shelby Schultz',64,74894),(19,'Thor Sweeney',240,92350),(20,'Kirk Z. Frank',58,47068),(21,'Cameron Gonzalez',213,38289),(22,'Hammett Barrett',250,40239),(23,'Benjamin Weiss',187,76331),(24,'Hop A. Meyer',44,70939),(25,'Ria E. Dawson',191,25699),(26,'Glenna Mccormick',235,85679),(27,'Harper Fletcher',77,71298),(28,'Jeanette S. Dunn',184,89455),(29,'Octavia L. Vaughan',200,43379),(30,'Shana Q. Francis',128,28530),(31,'Randall S. Oneal',229,92515),(32,'Halla C. Landry',203,96983),(33,'Wylie L. Massey',25,17370),(34,'Gavin Tucker',47,55902),(35,'Halla Downs',194,37398),(36,'Travis Herrera',224,99284),(37,'Suki N. Tyler',26,14228),(38,'Hyacinth A. Hutchinson',237,33285),(39,'Duncan Sargent',44,23743),(40,'Claire T. Ford',142,98858),(41,'Ezra S. Patton',57,53064),(42,'Rashad U. Elliott',140,48744),(43,'Oprah J. Russell',111,74529),(44,'Nell Rosales',196,36415),(45,'Charlotte Richardson',83,38485),(46,'Rina Morris',238,73180),(47,'Nevada Ballard',183,60445),(48,'Lance Guerrero',191,72686),(49,'Kelly Watson',184,82094),(50,'Stewart Woods',170,92411),(51,'Mallory Keller',187,25774),(52,'Hakeem Neal',195,21638),(53,'Jade C. Harper',50,20865),(54,'Regan D. Pugh',134,29414),(55,'Madison X. Harrell',85,74475),(56,'Wanda K. Bray',246,94132),(57,'Felix Henry',116,57236),(58,'Herman Parsons',132,83783),(59,'Cody I. Richmond',3,57208),(60,'Geoffrey Eaton',219,24692),(61,'Robert R. Pate',119,31833),(62,'Tamara T. Knox',188,75091),(63,'Olympia Y. Nichols',112,89955),(64,'Isaac D. Waller',234,34503),(65,'Aurora D. Daniel',144,72649),(66,'Cassidy T. Leon',88,69736),(67,'Emmanuel Mayo',55,30735),(68,'Madeson H. Cherry',227,24465),(69,'Jin Hendricks',139,20121),(70,'Danielle Oneal',17,17210),(71,'Elijah B. Adams',66,15687),(72,'Kaseem R. Stewart',208,16806),(73,'Tamekah Holmes',188,26967),(74,'Lev O. Velazquez',205,74420),(75,'Doris D. Bowers',208,11196),(76,'David Y. Velez',177,92721),(77,'Kathleen S. Perkins',44,60017),(78,'Tate B. Schultz',232,11922),(79,'Zia Q. Murphy',126,49560),(80,'Keane Calderon',132,22033),(81,'Zelenia K. Hunter',103,41487),(82,'Quincy R. Nielsen',186,41335),(83,'Richard Hall',69,72215),(84,'Cathleen Q. Chavez',98,47069),(85,'Upton S. Delgado',237,98702),(86,'Kelsey Hinton',138,72302),(87,'Duncan L. Frye',85,55405),(88,'Naida Snow',59,50117),(89,'Amos R. Bernard',52,74369),(90,'Chaney K. Sampson',25,31496),(91,'Teagan Mueller',27,14371),(92,'Kieran B. Lindsay',132,57368),(93,'Myra Rocha',233,53725),(94,'Naomi Torres',213,86524),(95,'Yvonne J. Fisher',187,81445),(96,'Colleen O. Grant',55,47653),(97,'Desiree Mills',223,73928),(98,'Veronica Ferrell',165,36680),(99,'Giacomo E. Henson',54,41618),(100,'Carlos Q. Talley',26,88048);
/*!40000 ALTER TABLE `chocostock` ENABLE KEYS */;
UNLOCK TABLES;

--
-- Table structure for table `ingredientstock`
--

DROP TABLE IF EXISTS `ingredientstock`;
/*!40101 SET @saved_cs_client     = @@character_set_client */;
/*!40101 SET character_set_client = utf8 */;
CREATE TABLE `ingredientstock` (
  `StockID` int(11) NOT NULL AUTO_INCREMENT,
  `IngredientID` int(11) NOT NULL,
  `Amount` int(11) NOT NULL,
  `ExpiryDate` datetime NOT NULL,
  PRIMARY KEY (`StockID`)
) ENGINE=InnoDB AUTO_INCREMENT=630 DEFAULT CHARSET=utf8mb4;
/*!40101 SET character_set_client = @saved_cs_client */;

--
-- Dumping data for table `ingredientstock`
--

LOCK TABLES `ingredientstock` WRITE;
/*!40000 ALTER TABLE `ingredientstock` DISABLE KEYS */;
INSERT INTO `ingredientstock` VALUES (1,53,100,'2021-09-29 20:10:01'),(2,95,25,'2021-06-17 17:25:00'),(3,5,27,'2020-09-28 02:33:58'),(4,40,29,'2021-01-01 23:43:31'),(5,70,35,'2020-09-05 17:28:51'),(6,57,3,'2021-02-06 23:45:39'),(7,79,0,'2020-12-16 00:38:44'),(8,16,11,'2020-11-13 05:35:36'),(9,59,0,'2021-05-19 23:03:29'),(10,73,3,'2020-11-09 01:23:59'),(11,20,26,'2020-11-08 09:36:44'),(12,39,30,'2021-10-03 01:12:41'),(13,53,21,'2021-09-17 10:08:26'),(14,42,10,'2021-07-12 20:54:50'),(16,3,8,'2021-03-16 02:07:39'),(17,95,9,'2021-03-06 11:45:59'),(18,4,8,'2021-04-12 19:53:49'),(19,40,11,'2021-02-21 20:00:50'),(20,89,35,'2021-03-01 17:20:19'),(21,45,8,'2021-05-04 16:44:00'),(22,85,32,'2021-07-29 04:30:02'),(23,48,32,'2021-01-10 23:53:40'),(24,43,36,'2020-11-16 02:12:17'),(25,79,0,'2020-11-28 19:35:27'),(26,86,0,'2020-12-02 17:23:22'),(27,6,2,'2021-06-18 10:36:04'),(28,11,17,'2021-05-04 07:47:51'),(29,91,1,'2021-09-16 00:31:20'),(30,11,27,'2021-04-03 04:05:23'),(31,84,29,'2021-01-08 06:17:37'),(33,3,11,'2021-04-26 16:46:12'),(34,100,30,'2021-07-03 04:58:49'),(35,42,18,'2021-10-22 17:16:24'),(36,79,7,'2021-07-25 02:27:15'),(37,53,37,'2021-01-19 16:14:19'),(38,12,8,'2021-08-10 16:33:28'),(39,65,34,'2021-10-16 02:39:08'),(40,51,25,'2021-10-02 14:53:43'),(41,86,1,'2021-06-01 18:53:17'),(42,0,17,'2021-02-23 02:02:10'),(43,51,39,'2021-06-19 16:49:25'),(45,14,35,'2020-09-12 05:32:18'),(46,77,29,'2021-06-23 11:41:26'),(47,61,21,'2021-06-04 01:50:29'),(48,50,6,'2021-10-30 07:42:03'),(49,76,38,'2021-06-16 10:50:23'),(50,7,0,'2021-03-13 01:08:44'),(51,26,2,'2021-04-24 03:34:11'),(52,4,22,'2021-08-13 02:21:36'),(53,42,32,'2021-03-22 03:00:01'),(54,23,23,'2020-08-14 18:52:44'),(55,62,11,'2020-11-14 18:49:12'),(56,83,12,'2021-04-21 12:14:27'),(57,37,37,'2021-09-13 01:18:27'),(58,87,4,'2021-05-18 09:37:59'),(59,16,36,'2020-11-22 21:26:41'),(60,75,11,'2021-08-08 08:53:47'),(61,21,22,'2021-04-03 10:12:09'),(62,11,29,'2020-11-16 09:43:46'),(63,43,34,'2021-10-17 16:25:52'),(64,95,36,'2020-09-03 10:03:32'),(65,6,27,'2020-08-20 15:06:47'),(66,36,33,'2020-09-25 06:41:27'),(67,5,35,'2021-10-07 09:03:01'),(68,12,25,'2020-09-01 14:32:32'),(69,14,35,'2021-09-25 19:53:23'),(70,36,36,'2021-01-29 09:37:37'),(71,3,8,'2021-03-14 03:06:22'),(72,91,16,'2021-03-03 05:07:06'),(73,59,37,'2020-09-23 13:02:29'),(74,32,35,'2020-09-13 07:17:32'),(75,16,33,'2020-09-27 22:34:08'),(76,8,36,'2021-08-05 07:46:30'),(77,55,38,'2021-07-08 21:31:48'),(78,61,13,'2021-05-31 04:04:16'),(79,23,30,'2021-05-29 16:16:59'),(80,0,4,'2021-04-23 11:30:13'),(81,47,12,'2021-08-06 05:00:05'),(82,47,11,'2020-11-01 16:12:03'),(83,51,12,'2021-08-01 16:29:13'),(84,95,12,'2021-05-15 13:22:36'),(85,60,5,'2021-04-03 18:04:50'),(86,11,18,'2021-07-19 19:54:04'),(87,77,14,'2021-02-03 21:37:58'),(88,65,31,'2021-03-10 00:03:58'),(89,15,31,'2021-05-03 06:25:53'),(90,60,31,'2021-06-22 09:01:29'),(91,20,35,'2021-04-06 17:21:02'),(92,74,5,'2021-04-01 20:48:31'),(93,6,8,'2021-08-09 16:30:40'),(94,27,26,'2021-03-02 23:15:12'),(95,96,0,'2021-02-25 07:48:17'),(96,49,35,'2020-10-15 05:19:56'),(97,26,38,'2021-07-13 23:00:36'),(98,69,25,'2021-03-06 05:04:21'),(99,25,30,'2021-07-17 06:17:47'),(100,54,7,'2021-11-04 01:15:09'),(101,35,3,'2021-05-26 11:34:44'),(102,39,28,'2021-02-03 18:47:54'),(103,74,30,'2021-08-20 06:59:56'),(104,74,23,'2021-09-01 05:43:53'),(105,1,16,'2020-11-06 17:08:20'),(106,22,6,'2021-01-11 13:17:33'),(107,20,17,'2021-10-31 01:00:01'),(108,76,9,'2021-08-22 08:53:42'),(109,42,12,'2021-01-21 20:19:41'),(110,20,32,'2021-03-12 09:29:02'),(111,73,24,'2021-07-31 21:42:49'),(112,26,20,'2020-12-16 19:47:28'),(113,49,25,'2021-01-07 12:05:37'),(114,30,24,'2020-10-27 13:06:26'),(115,57,35,'2021-08-31 12:51:23'),(116,76,21,'2020-11-27 01:56:27'),(117,96,0,'2021-05-02 16:46:21'),(118,46,15,'2021-08-25 06:50:22'),(119,69,7,'2021-09-03 00:29:08'),(120,37,28,'2021-08-04 22:57:48'),(121,80,4,'2021-06-09 17:53:54'),(122,69,1,'2020-11-25 21:41:58'),(123,12,14,'2021-03-19 00:05:08'),(124,54,38,'2021-03-01 17:21:00'),(125,86,4,'2021-07-22 14:19:54'),(126,27,15,'2021-10-21 00:45:47'),(127,16,0,'2020-11-18 11:04:39'),(128,42,20,'2021-05-13 18:42:56'),(129,38,36,'2021-05-21 03:31:15'),(130,23,7,'2021-06-07 12:37:58'),(131,30,30,'2020-08-21 16:15:21'),(132,24,33,'2021-06-04 11:44:09'),(133,32,34,'2021-10-04 03:45:51'),(134,19,4,'2020-11-16 01:16:07'),(135,51,11,'2021-01-22 12:22:26'),(136,5,28,'2020-10-29 22:06:18'),(137,90,15,'2021-06-09 08:33:44'),(138,67,17,'2020-10-26 21:26:00'),(139,30,16,'2020-12-31 15:27:39'),(140,61,40,'2021-10-19 21:15:29'),(141,70,5,'2021-04-21 04:19:47'),(142,51,23,'2021-02-06 04:56:08'),(143,76,4,'2021-09-17 22:39:08'),(144,90,32,'2020-10-24 11:19:40'),(145,59,0,'2021-01-25 09:11:15'),(146,29,35,'2021-04-14 18:48:42'),(147,68,6,'2020-10-22 01:25:43'),(148,20,33,'2021-08-12 17:04:15'),(149,2,9,'2021-06-12 00:24:31'),(150,31,32,'2021-03-31 12:42:22'),(151,1,37,'2021-05-16 12:16:36'),(152,20,19,'2021-05-23 08:08:50'),(153,15,28,'2021-03-26 22:30:17'),(154,91,25,'2021-05-10 10:16:39'),(155,83,14,'2021-09-02 02:46:13'),(156,55,29,'2021-03-28 23:57:59'),(157,66,25,'2021-03-13 09:48:45'),(158,61,11,'2020-12-10 21:05:44'),(159,47,1,'2020-12-01 22:00:29'),(160,99,4,'2021-07-30 21:11:51'),(161,81,28,'2021-10-18 16:05:01'),(162,63,26,'2021-01-29 22:24:20'),(163,48,19,'2021-01-01 16:33:30'),(164,26,4,'2021-07-29 10:56:23'),(165,92,9,'2021-08-08 12:47:46'),(166,80,0,'2020-12-08 22:38:09'),(167,95,11,'2020-09-02 12:35:30'),(168,70,32,'2021-02-22 22:23:53'),(169,53,5,'2020-11-17 10:55:51'),(170,57,3,'2021-08-19 08:26:19'),(171,87,19,'2021-06-14 14:17:04'),(172,50,30,'2021-02-17 17:43:17'),(173,83,33,'2020-12-09 03:49:41'),(174,63,14,'2021-06-03 12:45:55'),(175,70,14,'2021-10-02 00:50:24'),(176,58,9,'2021-08-24 23:59:22'),(177,18,16,'2021-03-24 09:14:25'),(178,49,17,'2020-12-17 16:43:51'),(179,32,16,'2020-09-28 21:11:17'),(180,73,3,'2021-10-04 13:45:47'),(181,24,1,'2020-10-18 09:52:59'),(182,96,0,'2021-10-07 11:22:33'),(184,49,4,'2021-04-10 06:17:06'),(185,85,20,'2021-03-19 11:52:26'),(186,62,34,'2020-08-18 14:23:19'),(187,6,18,'2020-08-31 02:14:03'),(188,59,7,'2021-08-31 23:36:11'),(189,69,34,'2021-05-13 17:25:05'),(190,62,33,'2020-12-04 22:24:23'),(191,25,4,'2020-11-17 22:48:44'),(192,6,0,'2021-05-14 14:27:43'),(193,42,20,'2020-10-11 23:05:15'),(194,96,23,'2020-09-01 09:30:45'),(195,33,19,'2020-11-06 04:43:32'),(196,89,24,'2021-07-02 07:17:14'),(197,21,38,'2020-10-29 06:56:02'),(198,43,29,'2021-04-17 21:05:07'),(199,49,19,'2021-01-19 06:10:48'),(200,55,25,'2021-02-20 09:38:56'),(201,23,25,'2020-08-30 06:10:59'),(202,69,5,'2021-10-07 10:57:47'),(203,53,37,'2020-10-20 02:50:49'),(204,92,28,'2021-01-06 16:04:15'),(205,85,19,'2021-03-15 03:36:02'),(206,11,14,'2021-01-04 10:58:38'),(207,98,27,'2021-05-09 10:22:26'),(208,90,19,'2021-01-13 02:11:32'),(209,8,21,'2021-05-04 19:49:09'),(211,99,30,'2021-05-29 22:02:14'),(212,37,27,'2021-03-02 06:50:46'),(213,54,33,'2021-08-04 09:05:32'),(214,79,19,'2020-08-28 19:27:13'),(215,80,0,'2020-12-06 04:44:04'),(216,33,11,'2021-08-13 16:10:17'),(217,62,7,'2021-02-28 18:19:43'),(218,41,11,'2021-03-22 17:54:29'),(219,63,5,'2021-02-27 13:30:56'),(220,82,24,'2020-11-24 16:38:47'),(221,95,34,'2021-07-20 03:27:56'),(222,39,5,'2021-05-14 20:04:04'),(223,89,27,'2020-10-11 05:19:01'),(224,98,36,'2021-04-21 13:11:39'),(225,76,27,'2021-10-31 22:40:53'),(226,56,0,'2021-08-12 20:05:42'),(227,40,8,'2021-05-06 13:49:40'),(228,11,39,'2021-05-02 05:55:58'),(229,16,3,'2021-10-17 10:39:47'),(230,87,10,'2021-03-29 15:47:44'),(231,41,13,'2020-09-13 12:27:40'),(232,0,28,'2020-12-19 22:23:07'),(233,85,13,'2021-01-21 21:22:07'),(234,69,1,'2021-02-06 15:39:30'),(235,60,23,'2020-09-22 08:21:04'),(236,87,22,'2020-11-30 23:13:28'),(237,11,2,'2021-11-08 10:02:40'),(238,3,39,'2020-08-23 14:20:14'),(239,37,26,'2020-09-13 22:22:18'),(240,10,17,'2020-11-26 11:56:05'),(241,67,32,'2021-02-26 21:31:29'),(242,91,25,'2020-09-14 08:37:48'),(243,56,0,'2021-05-26 10:21:13'),(244,10,15,'2020-09-01 13:06:30'),(245,24,24,'2021-09-22 09:33:12'),(246,51,9,'2021-08-24 16:46:42'),(247,65,10,'2021-09-22 19:53:42'),(248,11,6,'2021-03-09 13:51:21'),(249,64,29,'2021-09-19 01:38:18'),(250,62,15,'2020-10-01 11:15:27'),(251,31,21,'2020-08-26 21:49:46'),(252,54,9,'2021-11-05 22:51:44'),(253,60,35,'2020-11-12 10:22:29'),(254,35,26,'2021-03-30 05:42:26'),(255,98,1,'2021-08-09 20:26:16'),(256,22,15,'2021-04-11 11:00:17'),(257,18,37,'2020-12-30 20:02:14'),(258,37,12,'2021-11-04 22:46:07'),(259,73,10,'2021-07-04 02:55:51'),(260,57,36,'2020-09-10 00:43:08'),(261,22,1,'2020-08-18 19:19:02'),(262,11,30,'2020-11-17 11:27:25'),(263,72,8,'2020-12-21 05:25:10'),(264,61,9,'2021-11-07 01:42:58'),(265,23,0,'2021-03-09 17:18:23'),(266,22,37,'2021-02-01 01:22:56'),(267,87,1,'2021-09-08 10:52:18'),(268,60,25,'2021-08-05 14:54:02'),(269,8,15,'2020-09-25 00:06:05'),(270,1,14,'2021-06-19 22:44:46'),(272,10,39,'2020-12-18 08:35:56'),(273,8,33,'2021-02-22 13:34:35'),(274,71,7,'2021-05-18 02:12:04'),(275,74,31,'2021-07-01 08:30:18'),(276,46,23,'2021-02-24 09:43:49'),(277,52,29,'2020-12-10 12:48:53'),(278,53,20,'2021-06-04 06:34:18'),(279,90,18,'2021-05-24 20:10:53'),(280,42,15,'2020-12-25 05:40:05'),(281,75,11,'2020-09-28 15:06:38'),(282,3,0,'2020-11-22 04:12:13'),(283,17,28,'2020-09-04 22:51:42'),(284,11,39,'2021-08-12 18:25:57'),(285,99,26,'2021-08-24 03:15:58'),(286,84,39,'2020-10-12 12:30:36'),(287,4,24,'2021-03-14 19:27:08'),(288,68,18,'2020-08-15 13:49:38'),(289,66,14,'2021-01-06 11:42:34'),(290,87,6,'2021-03-04 01:33:07'),(291,76,19,'2021-08-14 11:05:13'),(292,90,40,'2020-10-15 09:30:46'),(293,15,39,'2020-10-08 11:46:54'),(294,83,34,'2021-07-24 19:38:50'),(296,61,3,'2021-03-02 12:49:49'),(297,7,0,'2021-05-26 14:11:49'),(298,97,36,'2020-11-11 14:43:57'),(299,47,11,'2021-01-17 09:04:53'),(300,32,2,'2020-08-29 00:40:16'),(301,59,13,'2021-09-18 04:12:16'),(302,47,33,'2020-11-13 09:22:03'),(303,47,24,'2020-11-02 20:19:17'),(304,17,20,'2020-10-14 14:55:32'),(305,10,36,'2020-11-15 11:17:39'),(306,31,10,'2021-10-11 09:22:18'),(307,46,26,'2021-10-22 07:00:39'),(308,9,21,'2021-09-13 19:55:34'),(309,65,10,'2021-04-12 01:07:03'),(310,22,1,'2021-10-04 01:31:50'),(311,84,36,'2021-09-13 20:22:32'),(312,33,34,'2020-12-01 13:11:55'),(313,11,15,'2021-01-28 04:13:41'),(314,92,38,'2021-05-29 18:39:17'),(315,31,23,'2021-01-02 00:12:36'),(316,57,21,'2021-07-15 10:24:18'),(317,23,0,'2021-03-30 21:18:25'),(318,32,37,'2021-09-09 06:51:28'),(319,97,36,'2021-10-04 15:59:23'),(320,7,0,'2021-02-20 07:40:24'),(321,15,36,'2021-08-05 05:55:45'),(322,61,0,'2020-12-05 05:49:26'),(323,2,18,'2020-08-24 14:20:04'),(324,79,39,'2021-08-19 18:43:39'),(325,1,11,'2021-03-03 08:10:26'),(326,44,7,'2020-08-17 20:41:30'),(327,68,3,'2021-03-06 14:57:30'),(328,39,5,'2021-08-18 02:30:50'),(329,95,16,'2021-09-13 05:04:42'),(330,54,10,'2021-09-15 17:48:28'),(331,54,39,'2021-10-12 08:10:19'),(332,77,12,'2021-05-13 05:04:45'),(333,56,0,'2021-05-15 12:08:01'),(334,92,37,'2020-09-12 05:50:40'),(335,99,18,'2021-09-12 06:36:44'),(336,14,16,'2021-09-13 23:56:32'),(337,34,27,'2021-04-05 19:16:44'),(338,59,27,'2021-06-19 08:39:07'),(339,95,36,'2020-12-15 00:22:11'),(340,74,22,'2021-05-07 15:59:45'),(341,51,37,'2021-08-20 10:55:14'),(342,72,2,'2020-10-29 09:12:31'),(343,73,26,'2021-11-09 14:26:22'),(344,94,31,'2021-05-11 11:19:19'),(345,11,31,'2021-08-05 20:14:49'),(346,87,23,'2021-02-06 00:41:43'),(347,72,13,'2021-04-09 02:38:32'),(348,85,32,'2021-08-02 11:34:59'),(349,33,39,'2021-03-09 19:06:08'),(350,81,22,'2021-05-11 07:15:22'),(351,14,14,'2021-05-23 11:20:58'),(352,91,30,'2020-08-21 07:33:31'),(353,19,18,'2021-02-04 04:32:24'),(354,24,7,'2021-01-03 12:30:20'),(356,95,12,'2021-05-02 07:54:10'),(357,91,29,'2021-03-23 19:21:44'),(358,81,27,'2021-10-27 13:10:04'),(359,97,18,'2021-07-02 17:41:28'),(360,18,16,'2021-11-06 23:08:23'),(361,12,23,'2020-12-05 12:51:48'),(362,54,25,'2021-03-07 19:13:47'),(363,60,20,'2021-11-01 18:11:15'),(364,65,24,'2020-10-14 17:20:01'),(365,77,20,'2020-10-12 20:39:10'),(366,88,1,'2021-08-08 00:22:32'),(367,89,23,'2021-05-26 23:43:55'),(368,65,7,'2021-04-15 08:26:46'),(369,29,9,'2020-09-12 10:20:51'),(370,17,22,'2021-08-05 08:30:49'),(371,32,21,'2021-04-03 03:02:08'),(372,47,21,'2020-11-28 21:28:08'),(373,18,7,'2021-11-02 20:53:36'),(374,10,17,'2021-10-19 13:27:37'),(375,32,30,'2020-11-18 10:36:57'),(376,25,14,'2021-08-29 21:06:22'),(377,85,25,'2021-06-09 17:46:55'),(378,6,33,'2020-09-24 21:54:33'),(379,33,39,'2021-09-28 08:14:05'),(380,41,31,'2021-04-20 15:04:58'),(381,0,32,'2021-10-03 13:21:29'),(382,19,13,'2021-02-13 02:55:57'),(383,52,6,'2021-10-31 20:45:29'),(384,4,5,'2021-08-12 14:21:22'),(385,62,7,'2021-05-23 14:38:38'),(386,68,37,'2021-05-06 13:39:43'),(387,48,24,'2021-10-15 20:05:27'),(388,10,16,'2021-02-21 19:32:22'),(389,58,22,'2021-04-16 03:15:23'),(390,65,33,'2021-05-12 04:18:45'),(391,72,6,'2021-05-11 18:01:01'),(392,78,27,'2021-07-29 17:17:09'),(393,32,37,'2021-09-02 12:50:43'),(394,39,30,'2021-09-18 18:06:11'),(395,9,5,'2021-07-15 13:49:11'),(396,76,9,'2021-08-28 06:24:31'),(397,94,37,'2021-01-23 00:18:25'),(398,11,26,'2021-01-16 09:31:17'),(399,93,6,'2021-05-23 12:45:25'),(400,83,20,'2021-10-11 16:31:00'),(401,5,7,'2021-01-01 23:58:51'),(402,5,11,'2021-08-14 23:11:09'),(403,83,23,'2020-09-09 12:23:14'),(404,67,4,'2021-10-20 17:27:15'),(406,92,32,'2021-02-25 04:04:37'),(407,40,30,'2021-03-11 16:50:06'),(408,75,10,'2021-04-05 19:20:16'),(409,32,13,'2020-09-20 21:24:18'),(410,57,36,'2020-09-30 21:41:47'),(411,58,2,'2021-05-22 06:43:40'),(412,86,18,'2021-02-13 19:09:43'),(413,12,25,'2021-09-27 12:37:48'),(414,7,0,'2021-06-03 23:14:56'),(415,1,18,'2021-03-05 13:17:50'),(416,83,29,'2021-02-12 01:58:02'),(417,4,34,'2021-10-13 13:33:31'),(418,99,16,'2021-01-02 10:38:46'),(419,7,0,'2021-03-25 23:45:01'),(420,44,33,'2021-03-15 14:01:05'),(421,92,14,'2021-01-01 13:34:40'),(422,56,28,'2020-11-08 05:08:09'),(423,10,30,'2021-07-07 15:05:06'),(424,58,14,'2021-01-14 18:08:05'),(425,88,15,'2021-05-26 03:11:16'),(426,6,22,'2021-07-24 13:28:15'),(427,96,0,'2021-03-30 07:21:09'),(428,46,11,'2021-09-21 16:05:03'),(429,23,8,'2021-04-24 09:41:19'),(430,85,6,'2021-07-28 22:13:17'),(431,5,37,'2021-04-16 15:59:56'),(432,63,39,'2021-07-13 23:25:58'),(433,78,8,'2021-08-25 07:10:45'),(434,73,4,'2020-11-14 15:53:49'),(435,34,8,'2021-03-15 04:15:57'),(436,75,17,'2021-10-15 04:15:28'),(437,55,29,'2020-08-14 04:35:56'),(438,12,3,'2021-02-11 20:51:09'),(439,86,35,'2021-04-11 04:52:52'),(440,81,16,'2021-03-10 16:00:24'),(441,4,28,'2021-03-01 08:26:04'),(442,78,31,'2020-09-05 08:10:16'),(443,75,37,'2020-11-30 15:15:29'),(444,79,33,'2020-09-08 09:14:42'),(445,41,14,'2021-02-23 09:55:46'),(446,65,13,'2021-11-04 16:40:22'),(447,40,25,'2020-08-23 06:51:49'),(448,48,8,'2020-12-28 04:08:44'),(449,51,8,'2020-08-29 14:06:55'),(450,34,34,'2020-10-27 01:47:46'),(451,6,12,'2021-11-06 07:47:31'),(452,66,25,'2021-08-15 20:38:39'),(453,54,18,'2020-11-03 07:36:30'),(454,1,37,'2021-07-02 02:41:56'),(455,37,37,'2021-02-14 12:24:44'),(456,14,39,'2020-11-04 15:13:01'),(457,76,10,'2021-06-20 10:16:45'),(458,30,4,'2021-10-23 22:24:33'),(459,76,26,'2021-08-16 20:28:27'),(460,59,24,'2021-08-23 18:31:24'),(461,83,26,'2021-10-14 07:24:53'),(462,58,13,'2020-12-08 05:39:32'),(463,91,36,'2021-07-17 04:27:26'),(464,25,23,'2020-12-28 17:24:31'),(466,9,16,'2021-07-24 14:06:57'),(467,61,7,'2021-03-17 02:42:21'),(468,97,26,'2020-12-28 20:35:08'),(469,30,13,'2021-03-03 23:38:08'),(470,41,27,'2021-09-26 16:24:13'),(471,99,15,'2021-03-17 19:22:01'),(472,81,12,'2021-02-10 21:43:07'),(473,17,15,'2021-10-11 03:43:41'),(474,25,2,'2021-04-15 01:55:33'),(475,16,27,'2020-11-11 05:40:04'),(476,66,23,'2021-06-24 01:14:05'),(477,54,30,'2021-07-23 01:39:39'),(478,98,4,'2020-08-16 00:52:44'),(479,50,18,'2021-10-16 04:35:38'),(480,25,11,'2021-05-20 05:18:37'),(481,92,19,'2020-09-24 09:49:28'),(482,85,28,'2021-07-13 20:27:57'),(483,50,14,'2021-07-06 18:33:44'),(484,9,17,'2021-10-21 22:22:53'),(485,76,25,'2021-01-28 01:47:47'),(486,60,17,'2021-06-20 01:15:14'),(487,27,10,'2020-10-24 13:44:32'),(488,68,5,'2021-02-26 19:26:52'),(489,6,0,'2021-02-25 14:43:07'),(490,2,24,'2021-06-30 08:26:44'),(491,83,3,'2021-09-15 18:32:47'),(492,5,11,'2021-07-21 23:07:39'),(493,62,21,'2021-04-02 23:04:24'),(494,0,10,'2020-08-23 11:27:07'),(495,26,22,'2020-10-28 06:07:34'),(496,54,0,'2021-01-16 21:22:34'),(497,51,24,'2021-10-29 03:04:09'),(498,27,12,'2020-10-26 05:49:14'),(499,100,0,'2021-05-12 11:40:21'),(500,4,32,'2020-10-13 08:35:16'),(501,24,14,'2021-02-07 03:33:41'),(502,61,17,'2020-10-28 09:47:01'),(503,12,17,'2021-03-04 12:16:11'),(504,43,28,'2020-09-10 02:10:41'),(505,26,12,'2020-11-20 21:54:57'),(506,58,5,'2020-10-07 00:45:03'),(507,38,39,'2021-11-04 16:42:49'),(508,51,22,'2021-01-23 14:58:41'),(509,52,6,'2020-11-02 13:27:45'),(510,90,27,'2021-10-21 14:54:03'),(511,85,21,'2021-08-01 02:41:16'),(512,70,30,'2021-02-23 01:41:13'),(513,50,5,'2021-08-15 11:49:32'),(514,47,28,'2021-04-14 16:42:18'),(515,19,25,'2021-05-27 11:58:42'),(516,78,31,'2021-01-10 15:57:05'),(517,65,7,'2021-06-14 22:16:18'),(518,88,2,'2020-09-06 06:49:20'),(519,80,0,'2020-12-21 14:20:35'),(520,12,32,'2021-09-14 18:49:58'),(521,14,8,'2020-09-15 20:08:20'),(522,16,21,'2021-06-23 16:48:58'),(523,87,8,'2021-11-03 14:57:24'),(524,22,27,'2021-04-01 17:53:27'),(525,68,24,'2021-08-15 12:22:23'),(526,42,15,'2020-10-28 06:55:57'),(527,1,16,'2020-10-27 12:11:59'),(528,14,34,'2021-11-09 05:43:27'),(529,31,15,'2021-04-08 19:32:37'),(530,77,11,'2021-10-28 14:17:11'),(531,61,0,'2020-12-04 06:48:29'),(532,39,24,'2020-10-20 12:45:32'),(533,39,21,'2020-12-13 16:30:44'),(534,65,9,'2021-01-19 16:42:33'),(535,40,22,'2020-09-05 05:22:13'),(536,21,37,'2021-06-06 13:37:30'),(537,77,15,'2021-07-31 23:56:19'),(538,68,25,'2021-05-26 23:26:40'),(539,7,0,'2021-10-24 00:47:22'),(540,40,22,'2020-11-11 21:10:46'),(541,22,22,'2021-06-16 00:44:32'),(542,13,6,'2021-07-22 04:21:21'),(543,7,0,'2021-06-14 02:32:42'),(544,95,37,'2021-07-11 02:18:54'),(545,59,0,'2021-04-27 20:02:45'),(546,5,0,'2020-11-26 18:49:18'),(547,4,28,'2021-02-13 18:10:09'),(548,91,28,'2021-06-06 03:52:29'),(549,30,20,'2021-01-01 23:49:30'),(550,48,22,'2021-10-26 03:04:11'),(551,71,6,'2021-02-08 20:08:35'),(552,52,11,'2021-11-03 06:20:02'),(553,73,20,'2020-10-11 07:26:56'),(554,63,10,'2021-05-05 07:10:48'),(555,18,20,'2020-11-07 22:50:11'),(556,71,34,'2021-07-14 17:55:23'),(557,33,21,'2020-09-11 08:24:07'),(558,18,12,'2020-10-13 04:39:17'),(559,7,0,'2021-11-03 21:26:24'),(560,10,13,'2021-08-07 03:09:44'),(561,13,25,'2021-06-10 19:52:05'),(562,82,11,'2020-12-25 00:23:16'),(563,58,23,'2021-05-17 17:28:58'),(564,64,20,'2021-08-13 00:06:59'),(565,33,2,'2020-11-30 08:53:44'),(566,44,28,'2021-01-08 04:53:07'),(567,16,37,'2021-04-07 17:03:21'),(568,54,25,'2020-09-20 00:16:35'),(569,59,0,'2020-12-07 19:34:46'),(570,70,6,'2020-08-30 06:47:21'),(571,70,33,'2021-04-16 08:38:50'),(572,4,20,'2020-10-01 21:35:30'),(573,12,31,'2021-04-08 13:08:29'),(574,29,5,'2021-10-03 02:37:02'),(575,65,26,'2021-01-29 20:44:01'),(576,74,20,'2021-07-28 19:19:45'),(577,31,8,'2021-05-08 18:12:27'),(578,14,31,'2020-11-12 06:14:24'),(579,73,32,'2021-08-06 22:26:22'),(580,100,39,'2021-07-28 23:26:01'),(581,16,20,'2020-11-26 02:42:21'),(582,88,1,'2021-08-01 21:16:26'),(583,34,10,'2021-08-05 07:59:40'),(584,10,14,'2021-03-25 11:31:35'),(585,69,27,'2021-09-19 18:37:22'),(586,62,5,'2021-10-21 14:45:02'),(587,4,29,'2020-10-08 15:03:06'),(588,0,11,'2020-09-13 21:49:59'),(589,67,15,'2021-04-27 13:15:39'),(590,84,18,'2020-11-11 02:50:18'),(591,3,31,'2020-09-08 12:53:04'),(592,55,11,'2021-11-09 06:01:06'),(593,50,31,'2021-01-07 08:39:19'),(595,41,30,'2021-04-16 19:24:17'),(596,57,39,'2021-07-14 15:41:29'),(597,31,29,'2021-05-04 14:21:43'),(598,42,37,'2021-07-19 23:25:14'),(599,64,35,'2021-06-05 07:35:24'),(600,24,22,'2020-10-06 21:34:27'),(601,93,3,'2021-11-15 22:41:47'),(602,35,2,'2021-11-15 22:42:39'),(603,72,2,'2021-11-15 22:46:24'),(604,45,1,'2021-11-16 00:14:09'),(605,93,3,'2021-11-16 00:14:57'),(606,93,4,'2021-11-16 00:15:53'),(607,45,2,'2021-11-16 00:53:27'),(608,45,5,'2021-11-16 00:54:32'),(609,34,5,'2021-11-16 00:56:55'),(610,93,3,'2021-11-16 00:57:00'),(611,90,5,'2021-11-16 03:41:29'),(612,6,2,'2021-11-16 23:50:51'),(613,7,0,'2021-11-16 23:52:32'),(614,7,0,'2021-11-16 23:52:37'),(615,96,0,'2021-11-16 23:54:11'),(616,56,0,'2021-11-16 23:59:22'),(617,96,0,'2021-11-16 23:59:26'),(618,96,0,'2021-11-17 00:00:08'),(619,3,3,'2021-11-17 00:15:32'),(620,3,1,'2021-11-17 00:15:38'),(621,80,3,'2021-11-17 00:18:41'),(622,80,1,'2021-11-17 00:19:18'),(623,96,0,'2021-11-17 00:20:15'),(624,56,0,'2021-11-17 00:21:25'),(625,56,4,'2021-11-17 00:21:31'),(626,96,0,'2021-11-17 00:21:43'),(627,96,1,'2021-11-17 01:17:11'),(628,7,1,'2021-11-17 01:17:18'),(629,6,1,'2021-11-17 01:17:31');
/*!40000 ALTER TABLE `ingredientstock` ENABLE KEYS */;
UNLOCK TABLES;

--
-- Table structure for table `recipe`
--

DROP TABLE IF EXISTS `recipe`;
/*!40101 SET @saved_cs_client     = @@character_set_client */;
/*!40101 SET character_set_client = utf8 */;
CREATE TABLE `recipe` (
  `ChocoID` int(11) NOT NULL,
  `IngredientID` int(11) NOT NULL,
  `Amount` int(11) NOT NULL,
  PRIMARY KEY (`ChocoID`,`IngredientID`)
) ENGINE=InnoDB DEFAULT CHARSET=utf8mb4;
/*!40101 SET character_set_client = @saved_cs_client */;

--
-- Dumping data for table `recipe`
--

LOCK TABLES `recipe` WRITE;
/*!40000 ALTER TABLE `recipe` DISABLE KEYS */;
INSERT INTO `recipe` VALUES (1,3,7),(1,20,8),(1,28,5),(1,48,7),(1,53,4),(1,79,7),(2,17,5),(2,54,2),(2,64,4),(2,65,2),(2,93,2),(3,59,5),(3,74,3),(3,81,6),(4,61,4),(4,80,6),(4,100,1),(5,29,8),(6,35,6),(6,37,5),(6,40,2),(6,57,3),(6,85,7),(6,86,6),(7,2,3),(7,16,4),(7,22,4),(8,17,1),(8,83,8),(9,43,5),(9,46,3),(9,98,3),(9,99,2),(10,30,7),(10,33,4),(10,63,5),(11,21,6),(11,31,5),(11,83,7),(12,10,2),(12,16,3),(12,35,7),(12,36,3),(12,41,1),(12,47,3),(12,51,3),(12,60,4),(12,78,4),(13,20,1),(13,22,6),(13,58,6),(13,63,5),(13,68,6),(14,7,4),(14,43,1),(14,66,3),(15,13,8),(15,37,2),(15,86,4),(16,9,4),(16,15,4),(16,36,2),(17,7,5),(17,11,3),(17,28,6),(17,78,5),(18,19,6),(18,26,5),(18,41,2),(18,80,5),(18,81,7),(18,90,6),(19,17,3),(19,24,5),(20,55,4),(21,7,6),(21,37,1),(21,59,3),(22,36,3),(22,41,4),(22,50,2),(23,34,3),(23,60,5),(23,62,3),(23,73,4),(23,78,3),(24,17,6),(24,21,6),(24,37,3),(25,38,4),(25,57,4),(25,72,8),(25,74,3),(25,89,7),(25,98,1),(26,67,5),(27,6,7),(27,33,7),(27,39,3),(27,79,5),(27,89,5),(28,23,2),(28,37,6),(28,61,8),(29,11,7),(29,14,2),(29,41,3),(29,48,4),(29,51,7),(30,3,5),(30,6,6),(30,82,4),(30,99,5),(31,15,4),(31,24,8),(31,28,3),(31,39,5),(31,84,6),(32,10,4),(32,34,8),(32,42,8),(32,68,1),(32,78,4),(33,3,7),(33,24,1),(33,59,4),(33,86,1),(34,30,4),(34,84,3),(34,95,1),(35,28,5),(35,70,7),(35,84,4),(35,93,7),(36,9,3),(36,70,7),(36,81,2),(36,90,6),(37,15,3),(37,21,5),(37,26,2),(37,41,7),(37,54,2),(37,87,6),(38,1,7),(38,19,2),(38,20,8),(38,27,1),(38,70,6),(39,20,4),(39,60,7),(40,37,5),(40,45,2),(40,56,1),(40,71,6),(40,77,6),(40,87,8),(41,10,2),(41,35,5),(41,37,3),(41,59,5),(41,84,4),(42,6,8),(42,22,3),(42,53,3),(42,60,5),(42,80,1),(43,28,1),(43,51,5),(44,28,7),(44,41,1),(44,77,6),(45,51,2),(45,79,3),(45,94,2),(46,6,2),(46,34,4),(46,74,3),(47,37,3),(47,81,4),(47,93,7),(47,99,4),(48,16,6),(49,27,3),(49,36,3),(49,42,4),(50,38,8),(50,39,3),(50,52,6),(51,52,3),(51,53,3),(51,72,8),(51,87,5),(52,13,6),(52,14,6),(52,39,7),(53,6,5),(54,3,4),(54,71,6),(55,15,4),(55,18,5),(55,36,7),(56,11,7),(56,25,7),(56,65,4),(56,66,6),(56,74,4),(56,81,8),(56,86,5),(57,59,8),(57,92,5),(58,25,7),(58,33,1),(58,65,7),(58,76,4),(58,83,3),(58,99,3),(59,6,3),(59,7,7),(59,56,3),(59,59,2),(59,96,5),(60,1,6),(60,44,2),(60,65,5),(60,80,2),(60,92,8),(60,99,7),(61,24,4),(61,27,6),(61,38,7),(61,50,4),(61,57,2),(61,59,6),(62,3,2),(62,65,4),(62,100,3),(63,10,3),(63,76,4),(64,32,6),(65,3,7),(65,14,2),(65,15,4),(65,26,5),(65,57,8),(65,73,5),(65,75,3),(65,77,5),(66,12,7),(66,46,4),(66,49,3),(66,62,3),(66,78,5),(66,100,2),(67,20,1),(67,40,1),(67,88,2),(68,13,4),(68,16,2),(68,17,4),(68,54,3),(68,82,8),(69,7,4),(69,26,5),(69,27,2),(69,51,4),(69,68,2),(70,23,7),(70,79,4),(71,6,7),(71,27,1),(71,36,4),(71,69,6),(72,55,2),(72,75,4),(72,80,6),(72,96,6),(73,32,6),(73,40,6),(73,48,6),(73,72,5),(73,90,4),(74,6,6),(74,32,4),(74,43,5),(74,44,5),(74,67,4),(74,76,3),(75,17,4),(75,76,4),(75,91,5),(76,33,6),(76,78,7),(77,34,6),(77,70,3),(78,9,6),(78,22,6),(78,23,3),(78,62,7),(78,78,3),(78,91,4),(79,8,2),(79,43,2),(79,58,3),(80,9,4),(80,18,4),(80,38,6),(80,93,2),(81,32,8),(81,35,3),(81,69,2),(81,83,2),(81,88,2),(82,26,5),(82,35,6),(82,49,7),(82,59,7),(82,77,7),(83,61,2),(84,14,6),(84,33,7),(84,39,8),(84,45,3),(84,47,1),(84,74,4),(85,22,6),(85,31,7),(85,42,2),(85,93,6),(85,100,6),(86,53,4),(86,81,2),(87,4,3),(87,18,6),(87,30,6),(87,57,3),(87,71,4),(87,82,7),(87,86,8),(88,51,3),(88,86,3),(88,98,7),(89,24,3),(89,28,2),(90,4,2),(90,5,6),(90,86,8),(91,31,1),(92,4,5),(92,54,8),(92,58,7),(92,95,2),(92,97,7),(93,31,2),(93,87,2),(94,28,3),(94,57,7),(95,44,8),(96,41,5),(96,54,6),(96,64,3),(96,70,5),(97,3,1),(97,5,6),(97,17,7),(97,39,4),(97,70,2),(97,71,7),(98,2,7),(98,55,4),(98,61,7),(99,15,7),(99,43,5),(99,45,4),(100,24,3),(101,1,2),(101,10,5),(101,69,1);
/*!40000 ALTER TABLE `recipe` ENABLE KEYS */;
UNLOCK TABLES;

--
-- Table structure for table `user`
--

DROP TABLE IF EXISTS `user`;
/*!40101 SET @saved_cs_client     = @@character_set_client */;
/*!40101 SET character_set_client = utf8 */;
CREATE TABLE `user` (
  `UserID` int(11) NOT NULL AUTO_INCREMENT,
  `Username` varchar(64) NOT NULL,
  `Password` varchar(16) NOT NULL,
  `Email` varchar(265) NOT NULL,
  `DateRegistered` datetime DEFAULT NULL,
  PRIMARY KEY (`UserID`)
) ENGINE=InnoDB AUTO_INCREMENT=22 DEFAULT CHARSET=utf8mb4;
/*!40101 SET character_set_client = @saved_cs_client */;

--
-- Dumping data for table `user`
--

LOCK TABLES `user` WRITE;
/*!40000 ALTER TABLE `user` DISABLE KEYS */;
INSERT INTO `user` VALUES (1,'JonathanYudi','qweasd','jojo@gmail.com','2018-10-09 20:38:27'),(2,'UrsaHebert','EWS84QFP5WT','id@ametanteVivamus.ca','2018-01-19 09:03:01'),(3,'ConanWorkman','NKJ65XGU7OE','magna.nec@risus.com','2017-10-23 23:38:03'),(4,'PeterX. Acevedo','LPX25JZL1JD','neque.non@Donec.net','2019-04-16 20:31:20'),(5,'KendallX. Petty','ZTU66HCN4VX','arcu@loremtristique.edu','2019-05-13 12:05:47'),(6,'EmmaL. Mayo','RAP05CZR6TJ','et.eros@euelitNulla.co.uk','2019-06-27 21:28:40'),(7,'CobyStone','QYK48LKP1BV','Duis.at@odioa.edu','2018-01-12 22:17:13'),(8,'YvonneX. Chen','DCN51BOX0QK','cubilia@ultricesposuerecubilia.com','2018-10-04 05:28:57'),(9,'NashE. Joyce','MKD98GPV5BJ','sed@sit.net','2019-07-15 05:32:19'),(10,'ZoritaPetty','EKZ98ZXD0FO','arcu.Curabitur@nullaIntincidunt.ca','2018-12-23 13:02:15'),(11,'KiaraTerrell','VPI47ASJ2SU','diam@porttitorinterdumSed.ca','2019-01-31 00:46:40'),(12,'QuinnDennis','EMP19OLK3MB','mollis.nec.cursus@eutemporerat.ca','2019-03-05 01:04:15'),(13,'IshmaelManning','PQA02PCL8XG','enim@enim.co.uk','2018-05-23 15:29:49'),(14,'LarsDyer','KCN66ODB5GX','Donec@risusodio.co.uk','2018-12-09 18:15:59'),(15,'MadelineRasmussen','AJC64ODE0UT','nisi@variusultricesmauris.co.uk','2019-02-22 17:30:31'),(16,'TateW. Hodge','BDC65PMR5CA','libero@utcursusluctus.ca','2018-03-20 20:15:12'),(17,'LacotaMaynard','NPY72DLI7DB','nibh@necleo.edu','2019-09-25 19:25:33'),(18,'IgorBarker','SMY62FTL9EV','laoreet@egestas.net','2019-06-02 12:49:12'),(19,'KiayadaGoodman','VGC27UIT4OM','Duis.sit@Sed.co.uk','2018-09-18 03:01:41'),(20,'CaseyN. Rowe','JJX69QTI8KV','Pellentesque@sitamet.com','2017-12-24 22:07:40'),(21,'LarissaK. Harrington','HDZ45ZAK6VV','orci@ornarefacilisis.ca','2017-10-10 02:33:29');
/*!40000 ALTER TABLE `user` ENABLE KEYS */;
UNLOCK TABLES;
/*!50003 SET @saved_cs_client      = @@character_set_client */ ;
/*!50003 SET @saved_cs_results     = @@character_set_results */ ;
/*!50003 SET @saved_col_connection = @@collation_connection */ ;
/*!50003 SET character_set_client  = utf8mb4 */ ;
/*!50003 SET character_set_results = utf8mb4 */ ;
/*!50003 SET collation_connection  = utf8mb4_general_ci */ ;
/*!50003 SET @saved_sql_mode       = @@sql_mode */ ;
/*!50003 SET sql_mode              = 'NO_ZERO_IN_DATE,NO_ZERO_DATE,NO_ENGINE_SUBSTITUTION' */ ;
DELIMITER ;;
/*!50003 CREATE*/ /*!50017 DEFINER=`root`@`localhost`*/ /*!50003 TRIGGER updateUserBeforeInsert
BEFORE INSERT ON `User`
FOR EACH ROW
BEGIN
IF(NEW.DateRegistered IS NULL) THEN
SET NEW.DateRegistered=NOW();
END IF;
END */;;
DELIMITER ;
/*!50003 SET sql_mode              = @saved_sql_mode */ ;
/*!50003 SET character_set_client  = @saved_cs_client */ ;
/*!50003 SET character_set_results = @saved_cs_results */ ;
/*!50003 SET collation_connection  = @saved_col_connection */ ;
/*!40103 SET TIME_ZONE=@OLD_TIME_ZONE */;

/*!40101 SET SQL_MODE=@OLD_SQL_MODE */;
/*!40014 SET FOREIGN_KEY_CHECKS=@OLD_FOREIGN_KEY_CHECKS */;
/*!40014 SET UNIQUE_CHECKS=@OLD_UNIQUE_CHECKS */;
/*!40101 SET CHARACTER_SET_CLIENT=@OLD_CHARACTER_SET_CLIENT */;
/*!40101 SET CHARACTER_SET_RESULTS=@OLD_CHARACTER_SET_RESULTS */;
/*!40101 SET COLLATION_CONNECTION=@OLD_COLLATION_CONNECTION */;
/*!40111 SET SQL_NOTES=@OLD_SQL_NOTES */;

-- Dump completed on 2020-11-17  1:33:38
